{
  "exp_A": {
    "ICS": {
      "full_mean_r2": -0.01563037435213725,
      "part_mean_r2": -0.006695022185643514,
      "delta_r2": -0.008935352166493734,
      "ci_lo": -0.013594374060630798,
      "ci_hi": -0.001103818416595459,
      "significant": "no"
    },
    "IRI": {
      "full_mean_r2": -0.01189736525217692,
      "part_mean_r2": -0.009992837905883789,
      "delta_r2": -0.0019045273462931316,
      "ci_lo": -0.02051299810409546,
      "ci_hi": 0.00951850414276123,
      "significant": "no"
    },
    "CSAS": {
      "full_mean_r2": -0.009214858214060465,
      "part_mean_r2": -0.006995836893717448,
      "delta_r2": -0.0022190213203430176,
      "ci_lo": -0.016185976564884186,
      "ci_hi": 0.01604260504245758,
      "significant": "no"
    },
    "SSCS": {
      "full_mean_r2": -0.004626800616582234,
      "part_mean_r2": 0.004504611094792684,
      "delta_r2": -0.009131411711374918,
      "ci_lo": -0.02772502601146698,
      "ci_hi": 0.020951926708221436,
      "significant": "no"
    },
    "IOS": {
      "full_mean_r2": -0.017453978459040325,
      "part_mean_r2": -0.011663873990376791,
      "delta_r2": -0.005790104468663533,
      "ci_lo": -0.016312122344970703,
      "ci_hi": 0.009445838630199432,
      "significant": "no"
    },
    "SCI2": {
      "full_mean_r2": 0.026674628257751465,
      "part_mean_r2": 0.028694063425064087,
      "delta_r2": -0.002019435167312622,
      "ci_lo": -0.008848600089550018,
      "ci_hi": 0.0112290158867836,
      "significant": "no"
    }
  },
  "exp_B": {
    "侗族": {
      "per_scale_r2": {
        "ICS": 0.00784289836883545,
        "IRI": -0.02851283550262451,
        "CSAS": -0.014327287673950195,
        "SSCS": -0.03071904182434082,
        "IOS": 0.00868004560470581,
        "SCI2": -0.2302989959716797
      },
      "mean_r2": -0.04788920283317566,
      "n_test": 283
    },
    "藏族": {
      "per_scale_r2": {
        "ICS": -0.01648867130279541,
        "IRI": -0.024248361587524414,
        "CSAS": -0.02826511859893799,
        "SSCS": 0.00015115737915039062,
        "IOS": -0.019243478775024414,
        "SCI2": -0.6774588823318481
      },
      "mean_r2": -0.12759222586949667,
      "n_test": 261
    },
    "蒙古族": {
      "per_scale_r2": {
        "ICS": 0.0038777589797973633,
        "IRI": -0.081015944480896,
        "CSAS": -0.029219746589660645,
        "SSCS": -0.002814650535583496,
        "IOS": -0.031755805015563965,
        "SCI2": 0.002030670642852783
      },
      "mean_r2": -0.023149619499842327,
      "n_test": 306
    }
  },
  "exp_C": {
    "M1_Full": {
      "mean_r2": -0.005358118149969313,
      "per_scale_mean": {
        "ICS": -0.01563037435213725,
        "IRI": -0.011897345383961996,
        "CSAS": -0.009214858214060465,
        "SSCS": -0.004626800616582234,
        "IOS": -0.017453988393147785,
        "SCI2": 0.026674658060073853
      },
      "std": 0.011483280416418652
    },
    "M5_NoEthnicMeta": {
      "mean_r2": -0.0020018253061506483,
      "per_scale_mean": {
        "ICS": -0.01573505997657776,
        "IRI": -0.018910934527715046,
        "CSAS": -0.007298280795415242,
        "SSCS": 0.002769678831100464,
        "IOS": -0.007459769646326701,
        "SCI2": 0.034623414278030396
      },
      "std": 0.012904097836028928
    },
    "M6_NoAdaIN_EthnicInMeta": {
      "mean_r2": 0.00622425807846917,
      "per_scale_mean": {
        "ICS": -0.011623660723368326,
        "IRI": -0.006669729948043823,
        "CSAS": 0.003101825714111328,
        "SSCS": 0.021832247575124104,
        "IOS": -0.009570380051930746,
        "SCI2": 0.040275245904922485
      },
      "std": 0.011761878710597468
    },
    "M7_NoAdaIN_NoGate": {
      "mean_r2": 0.003195608655611674,
      "per_scale_mean": {
        "ICS": -0.01187680164972941,
        "IRI": -0.011408746242523193,
        "CSAS": 0.003453234831492106,
        "SSCS": 0.019148091475168865,
        "IOS": -0.011723816394805908,
        "SCI2": 0.03158168991406759
      },
      "std": 0.010378651466433476
    }
  },
  "exp_D": {
    "B14_PartOnly_RF": {
      "mean_r2": -0.009026027500078276,
      "per_scale_mean": {
        "ICS": -0.014091601607233698,
        "IRI": -0.019771577265659073,
        "CSAS": -0.02982747034993712,
        "SSCS": 0.04949213996505436,
        "IOS": -0.013516443157821486,
        "SCI2": -0.026441212584872642
      },
      "std": 0.02063089790691878
    },
    "B15_PartOnly_XGB": {
      "mean_r2": -0.08617888791163976,
      "per_scale_mean": {
        "ICS": -0.06631431706436892,
        "IRI": -0.09564530665823327,
        "CSAS": -0.12817088824282089,
        "SSCS": -0.03749502115230874,
        "IOS": -0.10251107553474086,
        "SCI2": -0.08693671881736596
      },
      "std": 0.03306519915872606
    },
    "B16_PartOnly_SVR": {
      "mean_r2": -0.0485414900594271,
      "per_scale_mean": {
        "ICS": -0.10018443127150549,
        "IRI": -0.04540907918087139,
        "CSAS": -0.05742872816679014,
        "SSCS": 0.013855783654216025,
        "IOS": -0.07227892271810189,
        "SCI2": -0.029803562673509715
      },
      "std": 0.028284766801767138
    },
    "B17_Concat_MLP": {
      "mean_r2": 0.003195608655611674,
      "per_scale_mean": {
        "ICS": -0.01187680164972941,
        "IRI": -0.011408746242523193,
        "CSAS": 0.003453234831492106,
        "SSCS": 0.019148091475168865,
        "IOS": -0.011723816394805908,
        "SCI2": 0.03158168991406759
      },
      "std": 0.010378651466433476
    }
  },
  "y_adj_pooled_sd": 1.265052080154419,
  "y_adj_per_scale_sd": {
    "ICS": 1.2940104007720947,
    "IRI": 1.2443861961364746,
    "CSAS": 1.3093022108078003,
    "SSCS": 1.2800308465957642,
    "IOS": 1.245153546333313,
    "SCI2": 1.213330626487732
  }
}