{
  "config": {
    "signal": 1.5,
    "noise": 0.3,
    "interact_ratio": 0.7,
    "n_boot": 1000
  },
  "point_estimates": {
    "full": 0.11861740549405415,
    "no_gate": 0.10644059379895528,
    "no_adain": 0.059925069411595665
  },
  "full_vs_no_gate": {
    "mean_delta": 0.01224580947558085,
    "ci_lo": 0.005071652432282757,
    "ci_hi": 0.019389086961746207,
    "p_value": 0.0,
    "n_boot": 1000
  },
  "full_vs_no_adain": {
    "mean_delta": 0.058351156741380694,
    "ci_lo": 0.04153162514170011,
    "ci_hi": 0.07585854927698772,
    "p_value": 0.0,
    "n_boot": 1000
  }
}