{
  "n_samples": 850,
  "frac": "1/3",
  "cv": "GroupKFold_5",
  "B1_pre_only": {
    "ICS": {
      "rmse": 1.2998,
      "r2": -0.0093,
      "pearson_r": -0.1226,
      "p": 0.00034045132833681
    },
    "IRI": {
      "rmse": 1.2501,
      "r2": -0.0092,
      "pearson_r": -0.1339,
      "p": 9.049267979506127e-05
    },
    "CSAS": {
      "rmse": 1.3333,
      "r2": -0.0059,
      "pearson_r": -0.0995,
      "p": 0.0036730583022796747
    },
    "SSCS": {
      "rmse": 1.2887,
      "r2": -0.0135,
      "pearson_r": -0.1485,
      "p": 1.38546618448649e-05
    },
    "IOS": {
      "rmse": 1.2462,
      "r2": -0.0019,
      "pearson_r": -0.0398,
      "p": 0.2462282060855727
    },
    "SCI2": {
      "rmse": 1.2147,
      "r2": -0.0023,
      "pearson_r": -0.062,
      "p": 0.07101302477807876
    },
    "_mean": {
      "rmse": 1.2721,
      "r2": -0.007,
      "pearson_r": -0.1011
    }
  },
  "B2_ridge": {
    "ICS": {
      "rmse": 1.2986,
      "r2": -0.0073,
      "pearson_r": 0.1374,
      "p": 5.827454087599163e-05
    },
    "IRI": {
      "rmse": 1.2571,
      "r2": -0.0205,
      "pearson_r": 0.1466,
      "p": 1.7689287925757028e-05
    },
    "CSAS": {
      "rmse": 1.3107,
      "r2": 0.028,
      "pearson_r": 0.2082,
      "p": 8.864238316138998e-10
    },
    "SSCS": {
      "rmse": 1.2393,
      "r2": 0.0626,
      "pearson_r": 0.2779,
      "p": 1.5437763846295236e-16
    },
    "IOS": {
      "rmse": 1.2614,
      "r2": -0.0265,
      "pearson_r": 0.0929,
      "p": 0.006731908840415894
    },
    "SCI2": {
      "rmse": 1.1942,
      "r2": 0.0312,
      "pearson_r": 0.224,
      "p": 3.946624045593404e-11
    },
    "_mean": {
      "rmse": 1.2602,
      "r2": 0.0113,
      "pearson_r": 0.1812
    }
  },
  "B3_xgb": {
    "ICS": {
      "rmse": 1.3922,
      "r2": -0.1578,
      "pearson_r": -0.0164,
      "p": 0.6325296528465846
    },
    "IRI": {
      "rmse": 1.3225,
      "r2": -0.1295,
      "pearson_r": 0.0287,
      "p": 0.4027374172533422
    },
    "CSAS": {
      "rmse": 1.4046,
      "r2": -0.1164,
      "pearson_r": 0.1007,
      "p": 0.003283924794467691
    },
    "SSCS": {
      "rmse": 1.3092,
      "r2": -0.046,
      "pearson_r": 0.1653,
      "p": 1.2664749658132787e-06
    },
    "IOS": {
      "rmse": 1.3063,
      "r2": -0.1009,
      "pearson_r": 0.0435,
      "p": 0.20486133164817086
    },
    "SCI2": {
      "rmse": 1.2524,
      "r2": -0.0655,
      "pearson_r": 0.1415,
      "p": 3.4690759432625254e-05
    },
    "_mean": {
      "rmse": 1.3312,
      "r2": -0.1027,
      "pearson_r": 0.0772
    }
  },
  "SSP_MFN_full": {
    "ICS": {
      "rmse": 1.2945,
      "r2": -0.001,
      "pearson_r": 0.0461,
      "p": 0.17921248622284178
    },
    "IRI": {
      "rmse": 1.2527,
      "r2": -0.0134,
      "pearson_r": -0.0471,
      "p": 0.17015076181272878
    },
    "CSAS": {
      "rmse": 1.2906,
      "r2": 0.0575,
      "pearson_r": 0.2451,
      "p": 4.2756065018681904e-13
    },
    "SSCS": {
      "rmse": 1.2671,
      "r2": 0.02,
      "pearson_r": 0.1453,
      "p": 2.126243305748915e-05
    },
    "IOS": {
      "rmse": 1.2448,
      "r2": 0.0004,
      "pearson_r": 0.0586,
      "p": 0.0876245621791886
    },
    "SCI2": {
      "rmse": 1.1849,
      "r2": 0.0463,
      "pearson_r": 0.2208,
      "p": 7.563253443662074e-11
    },
    "_mean": {
      "rmse": 1.2558,
      "r2": 0.0183,
      "pearson_r": 0.1115
    }
  },
  "SSP_MFN_no_gate": {
    "ICS": {
      "rmse": 1.299,
      "r2": -0.008,
      "pearson_r": 0.0198,
      "p": 0.5641347744684988
    },
    "IRI": {
      "rmse": 1.2536,
      "r2": -0.0148,
      "pearson_r": -0.0478,
      "p": 0.1635699886760028
    },
    "CSAS": {
      "rmse": 1.291,
      "r2": 0.0569,
      "pearson_r": 0.2433,
      "p": 6.438152873482666e-13
    },
    "SSCS": {
      "rmse": 1.2662,
      "r2": 0.0215,
      "pearson_r": 0.1479,
      "p": 1.4888928554047563e-05
    },
    "IOS": {
      "rmse": 1.246,
      "r2": -0.0015,
      "pearson_r": 0.0483,
      "p": 0.15924518636672627
    },
    "SCI2": {
      "rmse": 1.1835,
      "r2": 0.0486,
      "pearson_r": 0.2254,
      "p": 2.962159357638431e-11
    },
    "_mean": {
      "rmse": 1.2566,
      "r2": 0.0171,
      "pearson_r": 0.1062
    }
  },
  "SSP_MFN_no_adain": {
    "ICS": {
      "rmse": 1.3022,
      "r2": -0.0129,
      "pearson_r": -0.0746,
      "p": 0.029657362865121807
    },
    "IRI": {
      "rmse": 1.2482,
      "r2": -0.0061,
      "pearson_r": -0.0091,
      "p": 0.7903024968956183
    },
    "CSAS": {
      "rmse": 1.2886,
      "r2": 0.0604,
      "pearson_r": 0.2498,
      "p": 1.4810325527612822e-13
    },
    "SSCS": {
      "rmse": 1.2616,
      "r2": 0.0286,
      "pearson_r": 0.1698,
      "p": 6.406181212639848e-07
    },
    "IOS": {
      "rmse": 1.2492,
      "r2": -0.0067,
      "pearson_r": -0.0053,
      "p": 0.8772338190346799
    },
    "SCI2": {
      "rmse": 1.1824,
      "r2": 0.0504,
      "pearson_r": 0.2256,
      "p": 2.8652098555811025e-11
    },
    "_mean": {
      "rmse": 1.2554,
      "r2": 0.019,
      "pearson_r": 0.0927
    }
  },
  "overfit_check": {
    "train_rmse": 0.8471,
    "test_rmse": 1.2686,
    "ratio_test_train": 1.4976,
    "overfit_flag": false
  }
}