{
  "n_samples": 850,
  "n_folds": 5,
  "n_bootstrap": 1000,
  "scale_comparison": {
    "ICS": {
      "full_mean_r2": -0.03242535591125488,
      "full_std_r2": 0.009916707121330134,
      "part_mean_r2": -0.02175726890563965,
      "part_std_r2": 0.009819389739528929,
      "mean_diff": -0.010668087005615234,
      "ci_95_lo": -0.016256006360054018,
      "ci_95_hi": -0.005135893821716309,
      "t_stat": -3.314147637060911,
      "p_value": 0.02953963360481549,
      "cohens_d": -1.0810049918370266,
      "sig_raw": "*",
      "sig_bonferroni": "ns"
    },
    "IRI": {
      "full_mean_r2": -0.019339585304260255,
      "full_std_r2": 0.012753085747856533,
      "part_mean_r2": -0.015946352481842042,
      "part_std_r2": 0.015609406202400856,
      "mean_diff": -0.003393232822418213,
      "ci_95_lo": -0.00886209011077881,
      "ci_95_hi": 0.0020756244659423826,
      "t_stat": -1.0403147423890577,
      "p_value": 0.35693977110411085,
      "cohens_d": -0.23806599102153264,
      "sig_raw": "ns",
      "sig_bonferroni": "ns"
    },
    "CSAS": {
      "full_mean_r2": 0.04518333673477173,
      "full_std_r2": 0.049741452899268304,
      "part_mean_r2": 0.05492849349975586,
      "part_std_r2": 0.05436046678341236,
      "mean_diff": -0.009745156764984131,
      "ci_95_lo": -0.017512925565242768,
      "ci_95_hi": -0.0007865548133850098,
      "t_stat": -2.1339861876778183,
      "p_value": 0.09975974463799131,
      "cohens_d": -0.18703901571001647,
      "sig_raw": "ns",
      "sig_bonferroni": "ns"
    },
    "SSCS": {
      "full_mean_r2": 0.003325521945953369,
      "full_std_r2": 0.02129036220202949,
      "part_mean_r2": 0.02159848213195801,
      "part_std_r2": 0.033872209381772024,
      "mean_diff": -0.01827296018600464,
      "ci_95_lo": -0.042178542613983155,
      "ci_95_hi": -0.0032600998878479005,
      "t_stat": -1.5528976341646192,
      "p_value": 0.19540513909506813,
      "cohens_d": -0.6459203388003135,
      "sig_raw": "ns",
      "sig_bonferroni": "ns"
    },
    "IOS": {
      "full_mean_r2": -0.010376524925231934,
      "full_std_r2": 0.014816235972702896,
      "part_mean_r2": -0.003774440288543701,
      "part_std_r2": 0.0219737512294246,
      "mean_diff": -0.006602084636688233,
      "ci_95_lo": -0.023311972618103027,
      "ci_95_hi": 0.008218932151794433,
      "t_stat": -0.7447018131314974,
      "p_value": 0.4978254293765272,
      "cohens_d": -0.3522962166112078,
      "sig_raw": "ns",
      "sig_bonferroni": "ns"
    },
    "SCI2": {
      "full_mean_r2": 0.05164867639541626,
      "full_std_r2": 0.038464046095125506,
      "part_mean_r2": 0.04229973554611206,
      "part_std_r2": 0.03727349621989607,
      "mean_diff": 0.0093489408493042,
      "ci_95_lo": -0.0013834834098815918,
      "ci_95_hi": 0.02054837942123413,
      "t_stat": 1.4993136021183933,
      "p_value": 0.20816875863221387,
      "cohens_d": 0.24684596652349777,
      "sig_raw": "ns",
      "sig_bonferroni": "ns"
    }
  },
  "fold_r2_full": [
    [
      -0.014083027839660645,
      -0.04406321048736572,
      0.12328273057937622,
      0.041371166706085205,
      0.003990888595581055,
      0.06997233629226685
    ],
    [
      -0.029851675033569336,
      -0.012118697166442871,
      -0.011948943138122559,
      -0.0012153387069702148,
      -0.012635946273803711,
      -0.004255890846252441
    ],
    [
      -0.03977370262145996,
      -0.014088273048400879,
      -0.001718282699584961,
      -0.021526336669921875,
      -0.028109431266784668,
      0.03862261772155762
    ],
    [
      -0.040349721908569336,
      -0.01807093620300293,
      0.04279828071594238,
      -0.009464263916015625,
      0.009106278419494629,
      0.04169505834579468
    ],
    [
      -0.03806865215301514,
      -0.008356809616088867,
      0.07350289821624756,
      0.0074623823165893555,
      -0.024234414100646973,
      0.1122092604637146
    ]
  ],
  "fold_r2_part": [
    [
      -0.010237574577331543,
      -0.04173147678375244,
      0.1460856795310974,
      0.05079996585845947,
      -0.0012066364288330078,
      0.041213274002075195
    ],
    [
      -0.014504075050354004,
      -0.0008342266082763672,
      0.0004946589469909668,
      -0.001565098762512207,
      0.022778689861297607,
      -0.015736103057861328
    ],
    [
      -0.030505061149597168,
      -0.02067124843597412,
      0.006671488285064697,
      -0.017740726470947266,
      -0.012865900993347168,
      0.03363281488418579
    ],
    [
      -0.03598976135253906,
      -0.017842888832092285,
      0.03716474771499634,
      0.004743218421936035,
      0.012850284576416016,
      0.05165433883666992
    ],
    [
      -0.017549872398376465,
      0.0013480782508850098,
      0.08422589302062988,
      0.071755051612854,
      -0.04042863845825195,
      0.10073435306549072
    ]
  ],
  "DAP": {
    "experiment": "EXP11_bootstrap_scale",
    "total_checks": 4,
    "passed": 2,
    "warnings": 2,
    "critical": 0,
    "verdict": "⚠️ PROCEED_WITH_CAUTION: 有轻微问题，可继续但需在论文中声明",
    "checks": [
      {
        "name": "distribution_shift",
        "passed": false,
        "metric": 0.309091,
        "threshold": 0.054545,
        "message": "⚠️ 分布偏移: 17/55 特征偏移显著. Top3: [('feat_5', 'KS=0.159'), ('feat_0', 'KS=0.157'), ('feat_1', 'KS=0.153')]",
        "severity": "warning"
      },
      {
        "name": "stability",
        "passed": 0.0,
        "metric": 2.647171,
        "threshold": 0.15,
        "message": "⚠️ 结果不稳定: CV=2.6472 >= 0.15, mean=0.0063±0.0168",
        "severity": "warning"
      },
      {
        "name": "permutation_baseline",
        "passed": 1.0,
        "metric": 19.432992935180664,
        "threshold": 1.96,
        "message": "模型显著优于置换基线: model=1.2685, perm=1.8274±0.0288, z=19.43",
        "severity": "info"
      },
      {
        "name": "multiple_comparisons",
        "passed": 1.0,
        "metric": 1.0,
        "threshold": 1,
        "message": "多重比较后仍有 1/6 个显著 (Bonferroni (α=0.0083))",
        "severity": "info"
      }
    ]
  }
}