{
  "N": 850,
  "config": "S6",
  "per_scale_gates": {
    "ICS": {
      "audio": 0.16946250200271606,
      "meta": 0.06132436916232109,
      "part": 0.2693379819393158
    },
    "IRI": {
      "audio": 0.14134933054447174,
      "meta": 0.058213867247104645,
      "part": 0.30458539724349976
    },
    "CSAS": {
      "audio": 0.19072380661964417,
      "meta": 0.06214560940861702,
      "part": 0.2470719963312149
    },
    "SSCS": {
      "audio": 0.1911982297897339,
      "meta": 0.05899626761674881,
      "part": 0.2416251301765442
    },
    "IOS": {
      "audio": 0.1569235473871231,
      "meta": 0.064083032310009,
      "part": 0.2692984938621521
    },
    "SCI2": {
      "audio": 0.23071733117103577,
      "meta": 0.0684177502989769,
      "part": 0.20585906505584717
    }
  },
  "overall_gates": {
    "audio": {
      "mean": 0.1800624579191208,
      "std": 0.04958559200167656
    },
    "meta": {
      "mean": 0.06219681724905968,
      "std": 0.019298715516924858
    },
    "part": {
      "mean": 0.2562963366508484,
      "std": 0.05237596482038498
    }
  },
  "by_ethnic": {
    "侗族": {
      "n": 283,
      "audio": 0.18726974725723267,
      "meta": 0.06695076823234558,
      "part": 0.2438667267560959
    },
    "藏族": {
      "n": 261,
      "audio": 0.16972747445106506,
      "meta": 0.06275038421154022,
      "part": 0.26565515995025635
    },
    "蒙古族": {
      "n": 306,
      "audio": 0.18221202492713928,
      "meta": 0.057328030467033386,
      "part": 0.2598091959953308
    }
  },
  "by_session": {
    "1": {
      "n": 220,
      "audio": 0.1793089061975479,
      "meta": 0.062406957149505615,
      "part": 0.25621795654296875
    },
    "2": {
      "n": 220,
      "audio": 0.18673275411128998,
      "meta": 0.059929586946964264,
      "part": 0.25359103083610535
    },
    "3": {
      "n": 220,
      "audio": 0.17517314851284027,
      "meta": 0.0625493973493576,
      "part": 0.2606718838214874
    },
    "4": {
      "n": 147,
      "audio": 0.1751614362001419,
      "meta": 0.06442131847143173,
      "part": 0.25744256377220154
    },
    "5": {
      "n": 43,
      "audio": 0.19156032800674438,
      "meta": 0.06331285089254379,
      "part": 0.24423357844352722
    }
  },
  "gate_correlations": {
    "audio": {
      "r_age": -0.08539794455674443,
      "r_music_exp": 0.06282685600538804
    },
    "meta": {
      "r_age": -0.06419703626240267,
      "r_music_exp": 0.06362757381670574
    },
    "part": {
      "r_age": 0.13024094594545213,
      "r_music_exp": -0.13006410631251356
    }
  },
  "anova_ethnic": {
    "audio": {
      "F": 9.106245040893555,
      "p": 0.00012221565702930093
    },
    "meta": {
      "F": 19.199451446533203,
      "p": 7.0027148524332006e-09
    },
    "part": {
      "F": 13.176342964172363,
      "p": 2.3163445348473033e-06
    }
  },
  "DAP": {
    "experiment": "EXP5_gate_weights",
    "total_checks": 1,
    "passed": 0,
    "warnings": 1,
    "critical": 0,
    "verdict": "⚠️ PROCEED_WITH_CAUTION: 有轻微问题，可继续但需在论文中声明",
    "checks": [
      {
        "name": "stability",
        "passed": 0.0,
        "metric": 0.480464,
        "threshold": 0.15,
        "message": "⚠️ 结果不稳定: CV=0.4805 >= 0.15, mean=0.1662±0.0798",
        "severity": "warning"
      }
    ]
  }
}