{
  "n_samples": 850,
  "n_folds": 5,
  "n_bootstrap": 1000,
  "comparisons": {
    "Ridge": {
      "baseline_mean_r2": -0.01693188646295301,
      "mfn_mean_r2": 0.07962131183594465,
      "mean_diff": 0.09655319829889766,
      "ci_95_lo": 0.057349174047153915,
      "ci_95_hi": 0.14402980653280278,
      "t_stat": 3.851967720167024,
      "p_value": 0.01827190490389879,
      "cohens_d": 2.6057898991739936,
      "significance": "*"
    },
    "Lasso": {
      "baseline_mean_r2": 0.00017685845611086667,
      "mfn_mean_r2": 0.07962131183594465,
      "mean_diff": 0.07944445337983379,
      "ci_95_lo": 0.04348850532551253,
      "ci_95_hi": 0.11982822746915474,
      "t_stat": 3.425447457182956,
      "p_value": 0.02664663570430663,
      "cohens_d": 2.1481058034180873,
      "significance": "*"
    },
    "ElasticNet": {
      "baseline_mean_r2": -0.0056466316645899,
      "mfn_mean_r2": 0.07962131183594465,
      "mean_diff": 0.08526794350053454,
      "ci_95_lo": 0.04844710570845316,
      "ci_95_hi": 0.12811980941026582,
      "t_stat": 3.5879421561551035,
      "p_value": 0.023004006163189185,
      "cohens_d": 2.3044507552066196,
      "significance": "*"
    },
    "RF": {
      "baseline_mean_r2": 0.05713466672754266,
      "mfn_mean_r2": 0.07962131183594465,
      "mean_diff": 0.022486645108402,
      "ci_95_lo": -0.021876614089893116,
      "ci_95_hi": 0.06779789839789821,
      "t_stat": 0.8669995792604474,
      "p_value": 0.43485569316142714,
      "cohens_d": 0.6066205051438094,
      "significance": "ns"
    },
    "XGBoost": {
      "baseline_mean_r2": 0.027399092614804388,
      "mfn_mean_r2": 0.07962131183594465,
      "mean_diff": 0.05222221922114025,
      "ci_95_lo": 0.004366468635358595,
      "ci_95_hi": 0.10007796980692193,
      "t_stat": 1.8434530771531856,
      "p_value": 0.13904058566856517,
      "cohens_d": 1.362292100760622,
      "significance": "ns"
    },
    "SVR": {
      "baseline_mean_r2": 0.06762041709148647,
      "mfn_mean_r2": 0.07962131183594465,
      "mean_diff": 0.012000894744458174,
      "ci_95_lo": -0.0032782598909405786,
      "ci_95_hi": 0.025683489241483937,
      "t_stat": 1.373664444558807,
      "p_value": 0.2415027661170411,
      "cohens_d": 0.2825875560269897,
      "significance": "ns"
    },
    "KNN": {
      "baseline_mean_r2": -0.013444497724729287,
      "mfn_mean_r2": 0.07962131183594465,
      "mean_diff": 0.09306580956067394,
      "ci_95_lo": 0.06255966911381525,
      "ci_95_hi": 0.11498355286335094,
      "t_stat": 6.051652562832217,
      "p_value": 0.003762369497257621,
      "cohens_d": 2.28664110929201,
      "significance": "**"
    }
  },
  "DAP": {
    "experiment": "EXP7_bootstrap",
    "total_checks": 2,
    "passed": 1,
    "warnings": 1,
    "critical": 0,
    "verdict": "⚠️ PROCEED_WITH_CAUTION: 有轻微问题，可继续但需在论文中声明",
    "checks": [
      {
        "name": "stability",
        "passed": 0.0,
        "metric": 0.628941,
        "threshold": 0.15,
        "message": "⚠️ 结果不稳定: CV=0.6289 >= 0.15, mean=0.0796±0.0501",
        "severity": "warning"
      },
      {
        "name": "permutation_baseline",
        "passed": 1.0,
        "metric": 22.390545,
        "threshold": 1.96,
        "message": "模型显著优于置换基线: model=1.3476, perm=2.0982±0.0335, z=22.39",
        "severity": "info"
      }
    ]
  }
}