{
  "data_source": "Zenodo 17725677 Training Emotions, CC-BY-4.0",
  "n_total": 263,
  "n_study1": 130,
  "n_study2": 133,
  "s1_iri_vs_age_ols": {
    "iri_fs": {
      "name": "FS幻想",
      "by_age": {
        "n": 122,
        "slope": 0.006399339998383429,
        "intercept": 18.24622268922787,
        "r": 0.012308120340184579,
        "r2": 0.00015148982630846535,
        "p": 0.8929651419112112,
        "stderr": 0.047459147195133555
      },
      "spearman_age": {
        "n": 122,
        "rho": 0.054252368372062675,
        "p": 0.5528429124275556
      }
    },
    "iri_ec": {
      "name": "EC共情关怀",
      "by_age": {
        "n": 122,
        "slope": 0.07472121342189098,
        "intercept": 18.482789231493896,
        "r": 0.18331198728663908,
        "r2": 0.03360328468297693,
        "p": 0.043273232669304454,
        "stderr": 0.03657970088142044
      },
      "spearman_age": {
        "n": 122,
        "rho": 0.12906434845292544,
        "p": 0.15653556465995908
      }
    },
    "iri_pt": {
      "name": "PT观点采择",
      "by_age": {
        "n": 122,
        "slope": 0.023279828979310843,
        "intercept": 18.438294865756006,
        "r": 0.058277117506981196,
        "r2": 0.0033962224249224943,
        "p": 0.5237291934904864,
        "stderr": 0.03640427315498912
      },
      "spearman_age": {
        "n": 122,
        "rho": 0.030711240980573686,
        "p": 0.7370187492340614
      }
    },
    "iri_pd": {
      "name": "PD个人痛苦",
      "by_age": {
        "n": 122,
        "slope": -0.058419062006148485,
        "intercept": 14.062357331787382,
        "r": -0.14106258121294593,
        "r2": 0.019898651818458967,
        "p": 0.12118769084176682,
        "stderr": 0.03742722459685078
      },
      "spearman_age": {
        "n": 122,
        "rho": -0.1318324498558684,
        "p": 0.1477646534432802
      }
    }
  },
  "s1_iri_by_group_anova": {
    "iri_fs": {
      "name": "FS幻想",
      "anova_F": 2.0300745038705292,
      "anova_p": 0.11341274406205204,
      "group_desc": {
        "Mt": {
          "n": 35,
          "mean": 19.343,
          "std": 3.811
        },
        "Mus": {
          "n": 34,
          "mean": 19.5,
          "std": 5.361
        },
        "Psy": {
          "n": 33,
          "mean": 17.03,
          "std": 4.37
        },
        "nomus": {
          "n": 20,
          "mean": 17.35,
          "std": 7.147
        }
      },
      "pairwise": {
        "Mus_vs_nomus": {
          "t": 1.1660964973969778,
          "p": 0.25228444628859437,
          "diff_mean": 2.15,
          "cohens_d": 0.34
        }
      }
    },
    "iri_ec": {
      "name": "EC共情关怀",
      "anova_F": 0.22538360591656578,
      "anova_p": 0.8785844316427452,
      "group_desc": {
        "Mt": {
          "n": 35,
          "mean": 20.943,
          "std": 3.963
        },
        "Mus": {
          "n": 34,
          "mean": 20.882,
          "std": 3.616
        },
        "Psy": {
          "n": 33,
          "mean": 20.545,
          "std": 3.632
        },
        "nomus": {
          "n": 20,
          "mean": 20.1,
          "std": 5.409
        }
      },
      "pairwise": {
        "Mus_vs_nomus": {
          "t": 0.5756270405185167,
          "p": 0.569285448850216,
          "diff_mean": 0.782,
          "cohens_d": 0.17
        }
      }
    },
    "iri_pt": {
      "name": "PT观点采择",
      "anova_F": 0.5000096107728781,
      "anova_p": 0.6829948276123765,
      "group_desc": {
        "Mt": {
          "n": 35,
          "mean": 19.543,
          "std": 3.876
        },
        "Mus": {
          "n": 34,
          "mean": 19.471,
          "std": 3.871
        },
        "Psy": {
          "n": 33,
          "mean": 18.636,
          "std": 3.888
        },
        "nomus": {
          "n": 20,
          "mean": 18.6,
          "std": 4.382
        }
      },
      "pairwise": {
        "Mus_vs_nomus": {
          "t": 0.7355962605866898,
          "p": 0.46673282823083095,
          "diff_mean": 0.871,
          "cohens_d": 0.211
        }
      }
    },
    "iri_pd": {
      "name": "PD个人痛苦",
      "anova_F": 0.7102873559064249,
      "anova_p": 0.5477253929567096,
      "group_desc": {
        "Mt": {
          "n": 35,
          "mean": 11.943,
          "std": 4.228
        },
        "Mus": {
          "n": 34,
          "mean": 11.824,
          "std": 4.123
        },
        "Psy": {
          "n": 33,
          "mean": 13.091,
          "std": 3.9
        },
        "nomus": {
          "n": 20,
          "mean": 12.7,
          "std": 4.143
        }
      },
      "pairwise": {
        "Mus_vs_nomus": {
          "t": -0.7520185025835479,
          "p": 0.4564641714022942,
          "diff_mean": -0.876,
          "cohens_d": -0.212
        }
      }
    }
  },
  "s2_correlations": {
    "years_vs_msceit_qtot": {
      "ols": {
        "n": 98,
        "slope": 0.13823529411764718,
        "intercept": 107.11764705882352,
        "r": 0.05372510638253752,
        "r2": 0.0028863870558149735,
        "p": 0.5993001806289295,
        "stderr": 0.2622275775462027
      },
      "spearman": {
        "n": 98,
        "rho": 0.05799893035324605,
        "p": 0.5705299665211969
      }
    },
    "years_vs_met_total": {
      "ols": {
        "n": 108,
        "slope": 0.8819444444444443,
        "intercept": 74.08333333333333,
        "r": 0.4370327407268451,
        "r2": 0.19099761646721783,
        "p": 2.2565583930129133e-06,
        "stderr": 0.17629874592921085
      },
      "spearman": {
        "n": 108,
        "rho": 0.3925299316102013,
        "p": 2.6486006620317572e-05
      }
    },
    "age_vs_met_total": {
      "ols": {
        "n": 130,
        "slope": 0.0024149888280465964,
        "intercept": 80.34001838711242,
        "r": 0.002705898235947671,
        "r2": 7.321885263304718e-06,
        "p": 0.9756251747913126,
        "stderr": 0.0788854835003197
      }
    }
  }
}